step,system_total_stopped,system_total_waiting_time,system_mean_waiting_time,system_mean_speed,t_stopped,t_accumulated_waiting_time,t_average_speed,agents_total_stopped,agents_total_accumulated_waiting_time
0.0,0,0.0,0.0,0.0,0,0.0,1.0,0,0.0
5.0,0,0.0,0.0,12.116596982141894,0,0.0,0.9201483389135086,0,0.0
10.0,0,0.0,0.0,11.947262561504273,0,0.0,0.9099974126475173,0,0.0
15.0,3,3.0,0.16666666666666666,7.537241701495154,3,3.0,0.42893159820102056,3,3.0
20.0,6,26.0,1.4444444444444444,8.18440480309272,6,26.0,0.45883224615070356,6,26.0
25.0,7,57.0,2.590909090909091,5.825502660563709,7,57.0,0.31544496161084434,7,57.0
30.0,8,96.0,4.8,6.187283735531887,8,98.0,0.3915596222438997,8,98.0
35.0,8,136.0,6.181818181818182,6.855159514737295,8,136.0,0.3458492545884668,8,136.0
40.0,4,97.0,3.4642857142857144,8.873934589447227,4,127.0,0.5305910311936329,4,127.0
45.0,4,117.0,4.178571428571429,8.966752816767437,4,117.0,0.5220544862939581,4,117.0
50.0,8,146.0,5.615384615384615,6.619894592510055,8,146.0,0.310596097249736,8,146.0
55.0,8,175.0,6.25,5.8219300752933725,8,184.0,0.3001190834977646,8,184.0
60.0,8,215.0,9.347826086956522,7.014614181931392,8,215.0,0.36168017625389465,8,215.0
65.0,7,38.0,1.3571428571428572,7.1859281640026325,7,159.0,0.3990058997168055,7,159.0
70.0,7,42.0,1.826086956521739,7.650758619731043,7,42.0,0.34661757749782246,7,42.0
75.0,5,29.0,0.8529411764705882,8.259092076023586,5,56.0,0.47455321083195084,5,56.0
80.0,4,48.0,1.6551724137931034,9.8352426085206,4,49.0,0.6183045263702954,4,49.0
85.0,5,8.0,0.25,6.745778361249032,5,30.0,0.37783421752181817,5,30.0
90.0,14,62.0,2.2142857142857144,5.985455917961684,14,63.0,0.2767505776096399,14,63.0
95.0,9,69.0,2.3,5.59752401622526,9,102.0,0.2729635589957064,9,102.0
100.0,8,89.0,3.1785714285714284,7.4259360933242125,8,106.0,0.396230315698062,8,106.0
105.0,5,54.0,1.8,7.539119441751844,5,89.0,0.4062542873279561,5,89.0
110.0,11,95.0,2.96875,7.277145331630005,11,98.0,0.38566162516810415,11,98.0
115.0,8,112.0,3.8620689655172415,6.128218731769316,8,136.0,0.37636723167936403,8,136.0
120.0,6,132.0,4.714285714285714,6.697092990256066,6,143.0,0.385013236127187,6,143.0
125.0,13,108.0,3.375,5.889465928941587,13,115.0,0.2735858182327676,13,115.0
130.0,18,189.0,6.3,4.264698729827066,18,196.0,0.1854430387837134,18,196.0
135.0,15,230.0,7.666666666666667,3.244257840868239,15,261.0,0.1900864930606287,15,261.0
140.0,12,271.0,8.741935483870968,5.69496668534606,12,293.0,0.2974491074637232,12,293.0
145.0,11,129.0,3.4864864864864864,6.3647829349305205,11,255.0,0.32861085004758833,11,255.0
150.0,12,146.0,3.7435897435897436,7.518663784823909,12,181.0,0.433172572053482,12,181.0
155.0,10,157.0,4.361111111111111,5.488964761568313,10,197.0,0.2443319365367333,10,197.0
160.0,13,183.0,4.815789473684211,6.194352345355412,13,216.0,0.2924570080126048,13,216.0
165.0,10,69.0,2.090909090909091,4.649560146648932,10,190.0,0.1997508017170559,10,190.0
170.0,17,118.0,3.189189189189189,5.816466901933337,17,157.0,0.2518358586060174,17,157.0
175.0,14,157.0,4.90625,4.173797726552063,14,206.0,0.12674554111200595,14,206.0
180.0,10,173.0,5.242424242424242,5.735358488420655,10,228.0,0.24674650416063304,10,228.0
185.0,5,77.0,2.138888888888889,6.936760433773725,5,192.0,0.3704086142562002,5,192.0
190.0,10,101.0,2.8055555555555554,7.3483165415189875,10,141.0,0.37489667298232815,10,141.0
195.0,10,118.0,3.4705882352941178,5.008969470281537,10,168.0,0.19337343690718506,10,168.0
200.0,10,149.0,4.257142857142857,6.73505497415465,10,185.0,0.3128653515759141,10,185.0
205.0,7,129.0,3.909090909090909,5.892349733021112,7,178.0,0.2598372941636205,7,178.0
210.0,15,195.0,6.09375,5.0588717030837,15,220.0,0.2145765687588855,15,220.0
215.0,13,227.0,7.566666666666666,4.497369377637733,13,271.0,0.18072980141191824,13,271.0
220.0,10,242.0,6.54054054054054,7.033531541169438,10,287.0,0.4308354759958984,10,287.0
225.0,9,149.0,4.027027027027027,7.396736191342233,9,189.0,0.4029035654755128,9,189.0
230.0,16,214.0,5.487179487179487,5.0750698230986915,16,254.0,0.20840208943238095,16,254.0
235.0,19,273.0,7.8,3.610813147601489,19,325.0,0.15615123479203485,19,325.0
240.0,15,320.0,8.64864864864865,4.882048786718476,15,368.0,0.20313190146954987,15,368.0
245.0,12,140.0,3.7837837837837838,5.152001562468656,12,329.0,0.21662292041812528,12,329.0
250.0,12,112.0,3.2,4.594784556721081,12,234.0,0.21911882147942166,12,234.0
255.0,13,130.0,3.25,5.50686632145594,13,241.0,0.2941590825516554,13,241.0
260.0,11,148.0,3.6097560975609757,6.88558790212204,11,254.0,0.37757436268690986,11,254.0
265.0,11,70.0,1.794871794871795,5.1280065046017045,11,242.0,0.23061951132974534,11,242.0
270.0,17,145.0,3.918918918918919,4.596903393123765,17,254.0,0.2271995681860903,17,254.0
275.0,16,182.0,4.918918918918919,4.114204628764593,16,305.0,0.1269562818265452,16,305.0
280.0,15,211.0,5.552631578947368,5.341838182340542,15,325.0,0.2626900977518915,15,325.0
285.0,8,81.0,2.25,4.56718794008131,8,284.0,0.20097954987297545,8,284.0
290.0,10,58.0,1.380952380952381,6.524139198988464,10,197.0,0.37764243601439884,10,197.0
295.0,11,66.0,1.5714285714285714,6.102335234782261,11,196.0,0.3357348880425983,11,196.0
300.0,11,64.0,1.6,5.59876200559683,11,173.0,0.2553320107370201,11,173.0
305.0,14,103.0,2.5121951219512195,6.487462140677441,14,189.0,0.2803760670509797,14,189.0
310.0,9,91.0,2.3947368421052633,5.766828942910041,9,181.0,0.2646481322673345,9,181.0
315.0,13,134.0,3.6216216216216215,5.896089762014537,13,175.0,0.2740062450167863,13,175.0
320.0,13,169.0,4.694444444444445,5.2892769472665995,13,209.0,0.19977988671799254,13,209.0
325.0,10,196.0,5.157894736842105,6.783360106379991,10,217.0,0.35064011159705033,10,217.0
330.0,6,78.0,2.1666666666666665,6.878957629033336,6,173.0,0.35595330313193824,6,173.0
335.0,12,124.0,3.4444444444444446,6.523445163352242,12,143.0,0.3161084547102013,12,143.0
340.0,14,153.0,4.5,4.595445076164042,14,185.0,0.14661033261692144,14,185.0
345.0,10,180.0,5.294117647058823,6.427161318917733,10,206.0,0.2841035267573844,10,206.0
350.0,8,124.0,3.757575757575758,5.625703223116576,8,198.0,0.22816970038690942,8,198.0
355.0,12,172.0,5.375,5.744516798208652,12,201.0,0.253026576872221,12,201.0
360.0,10,187.0,6.233333333333333,4.459598236739726,10,234.0,0.12782924524284695,10,234.0
365.0,8,189.0,4.846153846153846,7.989148183803677,8,236.0,0.4595412554332994,8,236.0
370.0,7,86.0,2.4571428571428573,6.630247085867825,7,128.0,0.36712628109544454,7,128.0
375.0,15,138.0,3.8333333333333335,4.729781261555782,15,180.0,0.21034843918524074,15,180.0
380.0,16,176.0,5.176470588235294,3.6412675411372124,16,234.0,0.14432276311686285,16,234.0
385.0,12,203.0,5.638888888888889,5.265910059369759,12,252.0,0.243427674085484,12,252.0
390.0,9,108.0,3.0,5.208627985517207,9,204.0,0.20603067158980762,9,204.0
395.0,15,168.0,4.8,4.732743391470505,15,213.0,0.17602288221723988,15,213.0
400.0,22,268.0,6.871794871794871,4.248269381099325,22,313.0,0.18859240073315642,22,313.0
405.0,27,394.0,10.102564102564102,3.487295810580074,27,439.0,0.21318908818510826,27,439.0
410.0,23,412.0,10.564102564102564,1.6203707358703758,23,513.0,0.09627541921140943,23,513.0
415.0,21,377.0,8.767441860465116,4.0930549832747865,21,538.0,0.18899625549175722,21,538.0
420.0,14,126.0,2.9302325581395348,3.7484544371554724,14,487.0,0.1124195963360598,14,487.0
425.0,12,87.0,1.9772727272727273,5.085544606959569,12,384.0,0.2545514900238106,12,384.0
430.0,19,169.0,4.023809523809524,4.980459668364658,19,384.0,0.1338192972141388,19,384.0
435.0,19,191.0,3.8979591836734695,5.0974734562810555,19,419.0,0.27713977788921096,19,419.0
440.0,14,171.0,3.8863636363636362,5.520517375267906,14,388.0,0.2925920004107462,14,388.0
445.0,10,172.0,3.5833333333333335,6.614340737946965,10,307.0,0.30263446363737434,10,307.0
450.0,10,54.0,1.255813953488372,5.125822417661712,10,286.0,0.24737030468448726,10,286.0
455.0,14,108.0,2.5714285714285716,4.992243630200081,14,268.0,0.2440927009049298,14,268.0
460.0,16,146.0,3.4761904761904763,4.156312848404681,16,296.0,0.15412270317635943,16,296.0
465.0,12,168.0,4.097560975609756,4.884453660313099,12,284.0,0.23664586367357784,12,284.0
470.0,12,210.0,4.666666666666667,6.275099932586873,12,264.0,0.289228470710979,12,264.0
475.0,5,89.0,2.1707317073170733,6.348957960499288,5,232.0,0.3927763373466492,5,232.0
480.0,10,113.0,2.825,5.421334472939802,10,182.0,0.2833726477589056,10,182.0
485.0,15,140.0,3.4146341463414633,3.8207531003666255,15,217.0,0.15641273931372401,15,217.0
490.0,13,178.0,4.45,4.90882698977717,13,240.0,0.20069289097508905,13,240.0
495.0,12,154.0,3.7560975609756095,5.157341832021602,12,243.0,0.22718578002063017,12,243.0
500.0,16,225.0,6.081081081081081,3.9572326925468553,16,282.0,0.16694331452421116,16,282.0
505.0,17,261.0,6.214285714285714,4.3080205320157985,17,339.0,0.20922860077943475,17,339.0
510.0,13,286.0,6.5,6.114813369085729,13,366.0,0.35645891623369236,13,366.0
515.0,11,191.0,4.441860465116279,5.046459895082355,11,267.0,0.22848329289970357,11,267.0
520.0,19,269.0,5.8478260869565215,4.313890011334166,19,345.0,0.18855487466122928,19,345.0
525.0,22,340.0,8.292682926829269,2.302822187428236,22,425.0,0.08465388137899445,22,425.0
530.0,20,399.0,9.279069767441861,3.922316828591123,20,475.0,0.18920519652713963,20,475.0
535.0,13,185.0,4.3023255813953485,3.6064805521368872,13,441.0,0.13178141653194067,13,441.0
540.0,13,122.0,2.8372093023255816,4.247717594164632,13,320.0,0.18934919945631043,13,320.0
545.0,15,148.0,3.148936170212766,3.905814243835398,15,331.0,0.18556396716298965,15,331.0
550.0,18,181.0,3.7708333333333335,5.150925111353008,18,354.0,0.26987703771858934,18,354.0
555.0,17,227.0,4.729166666666667,5.2473744351030644,17,376.0,0.1675247825075405,17,376.0
560.0,13,220.0,5.0,5.041139923444536,13,372.0,0.26814673332796135,13,372.0
565.0,14,253.0,5.883720930232558,4.894359904061651,14,345.0,0.2264977439426224,14,345.0
570.0,16,295.0,6.704545454545454,4.507327029684819,16,373.0,0.19162515993114096,16,373.0
575.0,14,331.0,8.073170731707316,4.305327338963495,14,408.0,0.1303789720939081,14,408.0
580.0,11,92.0,1.9166666666666667,5.665843498095815,11,347.0,0.3470453273741669,11,347.0
585.0,14,99.0,2.25,5.557578147784043,14,235.0,0.29325596556264194,14,235.0
590.0,18,128.0,2.723404255319149,3.644971503047502,18,281.0,0.1755523359924523,18,281.0
595.0,20,177.0,4.116279069767442,3.44789189181657,20,320.0,0.12812406775894317,20,320.0
600.0,10,177.0,3.847826086956522,4.517918297417786,10,314.0,0.19363621667413047,10,314.0
605.0,19,256.0,5.953488372093023,3.7526661772078573,19,365.0,0.13201666383754965,19,365.0
610.0,18,314.0,6.977777777777778,3.779014334090587,18,428.0,0.16107313099313283,18,428.0
615.0,16,353.0,7.51063829787234,4.563990872318324,16,450.0,0.2251329888157614,16,450.0
620.0,10,154.0,3.142857142857143,5.815001754790345,10,393.0,0.31716644236897756,10,393.0
625.0,8,89.0,1.934782608695652,4.828328977271501,8,270.0,0.24212291210788786,8,270.0
630.0,19,160.0,3.3333333333333335,5.0527267979815464,19,248.0,0.20223574285578508,19,248.0
635.0,20,195.0,4.333333333333333,3.7314498554484845,20,304.0,0.10680337652963819,20,304.0
640.0,18,200.0,4.444444444444445,4.789750208113376,18,324.0,0.2191127755843224,18,324.0
645.0,11,219.0,5.341463414634147,5.3918289057474444,11,330.0,0.20706390586486614,11,330.0
650.0,10,253.0,5.382978723404255,8.033702795952044,10,329.0,0.454960474142174,10,329.0
655.0,10,178.0,4.045454545454546,7.636551607299958,10,237.0,0.44966429810459,10,237.0
660.0,15,244.0,5.951219512195122,4.6933203584962495,15,303.0,0.2063807457064218,15,303.0
665.0,29,367.0,8.951219512195122,3.042950853653891,29,426.0,0.15002057559622411,29,426.0
670.0,25,436.0,10.634146341463415,2.3145263133132854,25,523.0,0.11035474292985764,25,523.0
675.0,21,465.0,10.813953488372093,3.7827916477331676,21,572.0,0.18181442561543437,21,572.0
680.0,15,287.0,6.377777777777778,4.058692552148378,15,556.0,0.17767758291343805,15,556.0
685.0,19,327.0,7.108695652173913,4.394732631424318,19,478.0,0.19843179104684242,19,478.0
690.0,21,385.0,8.191489361702128,4.237634797198189,21,541.0,0.16663042795706887,21,541.0
695.0,17,426.0,9.26086956521739,4.657462159439956,17,560.0,0.21824446002910247,17,560.0
700.0,14,163.0,3.5434782608695654,3.4247395712040585,14,514.0,0.13348947831026436,14,514.0
705.0,14,84.0,1.826086956521739,3.9507937135918403,14,385.0,0.17722829173401644,14,385.0
710.0,17,113.0,2.4565217391304346,3.1720191138894718,17,419.0,0.11502693849281036,17,419.0
715.0,30,236.0,5.0212765957446805,3.3141314745084993,30,518.0,0.1090804389219717,30,518.0
720.0,32,279.0,6.340909090909091,1.9540361519809197,32,598.0,0.01733488408995943,32,598.0
725.0,23,254.0,4.884615384615385,4.783562976588918,23,615.0,0.2688960641643764,23,615.0
730.0,16,134.0,2.627450980392157,4.48423192689996,16,580.0,0.2258381636349403,16,580.0
735.0,11,41.0,0.7735849056603774,4.024466356494846,11,491.0,0.18592954873506098,11,491.0
740.0,21,130.0,2.6,3.8982674505145867,21,510.0,0.13918791595066926,21,510.0
745.0,21,158.0,2.8727272727272726,3.574192251102589,21,526.0,0.11415130476371814,21,526.0
750.0,21,158.0,3.2244897959183674,3.9721810711545786,21,496.0,0.11533856619208906,21,496.0
755.0,18,194.0,4.041666666666667,4.655925445931399,18,456.0,0.1537733172707332,18,456.0
760.0,14,204.0,4.163265306122449,6.333894228337888,14,395.0,0.3170455352818003,14,395.0
765.0,9,136.0,2.9565217391304346,6.495198641162836,9,388.0,0.38570949891845246,9,388.0
770.0,16,203.0,4.413043478260869,5.252721278567717,16,403.0,0.24802414998759897,16,403.0
775.0,16,245.0,5.212765957446808,4.518126084522105,16,437.0,0.1934983899364923,16,437.0
780.0,16,272.0,6.325581395348837,3.920083483586027,16,416.0,0.1047468625953832,16,416.0
785.0,13,318.0,7.066666666666666,5.835744082588795,13,402.0,0.2513558409439646,13,402.0
790.0,6,152.0,3.8,4.5404931880937385,6,360.0,0.19401967168602058,6,360.0
795.0,9,142.0,2.9583333333333335,6.941057531115007,9,271.0,0.41518025109990464,9,271.0
800.0,11,159.0,3.533333333333333,5.521951680747412,11,270.0,0.2868682820559413,11,270.0
805.0,12,170.0,3.617021276595745,5.287781603575289,12,252.0,0.26317803507148807,12,252.0
810.0,13,74.0,1.6818181818181819,4.122023333919302,13,173.0,0.16818554420247595,13,173.0
815.0,19,157.0,3.6511627906976742,3.729847888403728,19,251.0,0.17637325210393132,19,251.0
820.0,26,275.0,6.395348837209302,2.506089568785806,26,369.0,0.10029359813203109,26,369.0
825.0,28,337.0,7.659090909090909,2.2279620958903408,28,466.0,0.12403061674882626,28,466.0
830.0,23,360.0,7.346938775510204,3.8553387500581904,23,512.0,0.18823971745761583,23,512.0
835.0,19,396.0,7.92,6.0512923330091635,19,537.0,0.2962416287901771,19,537.0
840.0,11,210.0,4.375,4.171420537305249,11,505.0,0.17814220170432563,11,505.0
845.0,15,193.0,4.195652173913044,4.6250223439890075,15,423.0,0.25140262017571646,15,423.0
850.0,18,238.0,5.0638297872340425,3.57605303228175,18,450.0,0.13474457429451023,18,450.0
855.0,20,289.0,6.020833333333333,4.419154147796889,20,480.0,0.17590182141204902,20,480.0
860.0,11,103.0,2.239130434782609,4.49084838157213,11,421.0,0.1813747682587927,11,421.0
865.0,15,128.0,2.723404255319149,5.321767731131091,15,328.0,0.2652101302717181,15,328.0
870.0,16,170.0,3.4,5.585990167049004,16,350.0,0.2919368920527198,16,350.0
875.0,14,198.0,4.4,4.683547932165161,14,342.0,0.19613521772823256,14,342.0
880.0,13,82.0,1.7083333333333333,4.0929305333923365,13,309.0,0.18308625788096108,13,309.0
885.0,15,79.0,1.7954545454545454,3.8124785876388767,15,230.0,0.13448427478095207,15,230.0
890.0,18,116.0,2.4166666666666665,3.7943802731458156,18,273.0,0.1395350295277112,18,273.0
895.0,20,154.0,3.5,3.863933778160006,20,298.0,0.12465329087304211,20,298.0
900.0,17,199.0,4.4222222222222225,4.685062842959953,17,321.0,0.13477039064841825,17,321.0
905.0,10,178.0,3.7872340425531914,5.497996825273088,10,323.0,0.29874268333835036,10,323.0
910.0,12,207.0,4.5,5.62905471105604,12,293.0,0.30629551546916645,12,293.0
915.0,14,241.0,5.355555555555555,3.3449470572538655,14,332.0,0.1285931740046797,14,332.0
920.0,17,288.0,6.127659574468085,4.942001101815224,17,360.0,0.21026181612738729,17,360.0
925.0,9,143.0,3.25,4.714183778593192,9,322.0,0.19106207257320612,9,322.0
930.0,15,186.0,4.325581395348837,5.391959171026573,15,259.0,0.22050709152911668,15,259.0
935.0,15,220.0,5.5,3.8468291025745898,15,303.0,0.08861400890814418,15,303.0
940.0,12,239.0,4.979166666666667,6.3269169608926,12,310.0,0.3629304710578082,12,310.0
945.0,8,148.0,3.3636363636363638,5.680955309404666,8,208.0,0.31232163685010056,8,208.0
950.0,17,211.0,4.688888888888889,4.502895441606331,17,271.0,0.2240988636349993,17,271.0
955.0,19,264.0,6.1395348837209305,3.0042182850209214,19,337.0,0.12266009726227349,19,337.0
960.0,17,317.0,7.204545454545454,3.9076484303435994,17,376.0,0.16468249268254878,17,376.0
965.0,13,137.0,3.1136363636363638,4.197552966970121,13,343.0,0.16735189676532336,13,343.0
970.0,12,111.0,2.5813953488372094,4.921046751310522,12,228.0,0.23468357904076703,12,228.0
975.0,13,131.0,2.7872340425531914,4.500011588128875,13,237.0,0.19646404877667398,13,237.0
980.0,15,150.0,3.1914893617021276,6.012945261819478,15,260.0,0.30984273086257985,15,260.0
985.0,12,186.0,4.133333333333334,5.755196276186863,12,273.0,0.21414143110347833,12,273.0
990.0,11,86.0,2.0,5.684457344405144,11,256.0,0.30614448988898185,11,256.0
995.0,15,145.0,3.717948717948718,4.34283745063107,15,244.0,0.1679952191658842,15,244.0
1000.0,19,191.0,4.441860465116279,3.946965791724574,19,307.0,0.17217163707632538,19,307.0
1005.0,14,225.0,5.769230769230769,4.310343013866548,14,342.0,0.1788736042275918,14,342.0
1010.0,8,83.0,1.7659574468085106,5.908714739614091,8,294.0,0.3334718758244839,8,294.0
1015.0,10,61.0,1.3863636363636365,6.40943016578222,10,207.0,0.3711992290523064,10,207.0
1020.0,15,91.0,2.0681818181818183,4.135720628455677,15,245.0,0.19100881227998764,15,245.0
1025.0,17,124.0,2.7555555555555555,4.362948701357973,17,269.0,0.1686134340643617,17,269.0
1030.0,12,104.0,2.3636363636363638,4.029559219076424,12,281.0,0.1687467757683964,12,281.0
1035.0,21,193.0,4.595238095238095,3.331108674370565,21,348.0,0.1363966077619437,21,348.0
1040.0,21,247.0,5.613636363636363,3.4997320670861827,21,413.0,0.12431143962814452,21,413.0
1045.0,19,283.0,6.1521739130434785,4.578728058992688,19,442.0,0.22645648786581624,19,442.0
1050.0,12,143.0,3.108695652173913,4.904018917139178,12,402.0,0.24050210418475748,12,402.0
1055.0,10,97.0,2.1555555555555554,5.12630697372659,10,305.0,0.27095508372091676,10,305.0
1060.0,14,112.0,2.4347826086956523,3.660364306721352,14,306.0,0.11477921212708127,14,306.0
1065.0,17,146.0,3.2444444444444445,4.298075845587472,17,319.0,0.17622023124683808,17,319.0
1070.0,15,200.0,4.545454545454546,5.280105657067135,15,335.0,0.18605246759899882,15,335.0
1075.0,13,165.0,3.9285714285714284,4.5254228126212315,13,291.0,0.23045502171476773,13,291.0
1080.0,20,249.0,6.552631578947368,2.6953944288512033,20,375.0,0.12743172588781593,20,375.0
1085.0,22,317.0,6.604166666666667,4.292412518893729,22,453.0,0.27311801634301813,22,453.0
1090.0,17,371.0,8.065217391304348,3.943878494756124,17,500.0,0.19375260899130983,17,500.0
1095.0,18,251.0,4.826923076923077,4.395464379684026,18,477.0,0.20094578799515034,18,477.0
1100.0,18,230.0,4.8936170212765955,3.935822205926804,18,406.0,0.15122186172827573,18,406.0
1105.0,19,138.0,2.7058823529411766,3.833097710927849,19,408.0,0.15417503330713137,19,408.0
1110.0,28,239.0,5.085106382978723,3.216937195863859,28,424.0,0.08428964869570248,28,424.0
1115.0,29,285.0,5.9375,3.45022696779913,29,512.0,0.10800172755339996,29,512.0
1120.0,23,265.0,5.408163265306122,4.160296194567046,23,544.0,0.19424055255001396,23,544.0
1125.0,17,272.0,5.333333333333333,5.678418912428444,17,530.0,0.2804079357460276,17,530.0
1130.0,13,157.0,3.14,4.6342022600519694,13,508.0,0.20403403490556987,13,508.0
1135.0,14,148.0,3.0833333333333335,5.25092304730972,14,437.0,0.24477290984822814,14,437.0
1140.0,14,182.0,4.044444444444444,3.835928439968478,14,435.0,0.1246830362765091,14,435.0
1145.0,16,215.0,4.574468085106383,4.8927950427940665,16,412.0,0.20630125794608056,16,412.0
1150.0,14,271.0,6.3023255813953485,5.141577733845479,14,405.0,0.1593211704043663,14,405.0
1155.0,12,203.0,3.980392156862745,6.649920734134598,12,395.0,0.3877850161075957,12,395.0
1160.0,16,278.0,6.177777777777778,5.436347341154946,16,406.0,0.2956222313959866,16,406.0
1165.0,19,318.0,6.489795918367347,3.9127114037830513,19,453.0,0.19726779383903392,19,453.0
1170.0,19,377.0,8.568181818181818,3.146713363766176,19,493.0,0.13787882531977813,19,493.0
1175.0,17,279.0,5.8125,3.763687260127701,17,424.0,0.16819562468543314,17,424.0
1180.0,23,381.0,8.106382978723405,3.23056834336914,23,513.0,0.11361400715677158,23,513.0
1185.0,24,455.0,9.479166666666666,3.083724181527099,24,591.0,0.12564763085014466,24,591.0
1190.0,21,513.0,10.26,3.979909495676952,21,643.0,0.205773706578722,21,643.0
1195.0,15,307.0,5.903846153846154,5.254621226291631,15,581.0,0.2663622356308951,15,581.0
1200.0,11,164.0,3.3469387755102042,4.282825173917182,11,447.0,0.17700686383178882,11,447.0
1205.0,20,241.0,4.82,4.838556566976802,20,371.0,0.18397070676575045,20,371.0
1210.0,22,280.0,5.714285714285714,3.488481944034986,22,436.0,0.1007719702775287,22,436.0
1215.0,21,300.0,6.382978723404255,4.057294363581486,21,468.0,0.15592419686312975,21,468.0
1220.0,14,98.0,2.130434782608696,3.6013469346317617,14,451.0,0.13976842603319278,14,451.0
1225.0,18,115.0,2.3469387755102042,4.95236637396886,18,387.0,0.24357973096957886,18,387.0
1230.0,18,159.0,3.0576923076923075,4.632768473495755,18,437.0,0.2414344763249766,18,437.0
1235.0,14,172.0,3.5833333333333335,4.227841669038603,14,416.0,0.17914656864073117,14,416.0
1240.0,19,232.0,4.461538461538462,4.9242780423882255,19,424.0,0.1710527597397782,19,424.0
1245.0,17,297.0,6.319148936170213,4.499699261248403,17,490.0,0.1821215980771086,17,490.0
1250.0,24,396.0,8.425531914893616,3.6544731299939337,24,592.0,0.18360324025502037,24,592.0
1255.0,24,484.0,10.755555555555556,2.1859363687484716,24,679.0,0.11467846617290929,24,679.0
1260.0,21,554.0,11.787234042553191,2.9078307916021897,21,731.0,0.11919556562270758,21,731.0
1265.0,18,365.0,6.886792452830188,4.457762069722474,18,691.0,0.2093446852338906,18,691.0
1270.0,16,251.0,4.735849056603773,4.367686085738611,16,561.0,0.19397007228421967,16,561.0
1275.0,21,288.0,5.538461538461538,3.381843310857527,21,608.0,0.12810322839591343,21,608.0
1280.0,20,341.0,6.433962264150943,4.306098555619492,20,626.0,0.17009475460408108,20,626.0
1285.0,15,114.0,2.235294117647059,3.826618293841913,15,557.0,0.15249041399292793,15,557.0
1290.0,17,141.0,2.764705882352941,4.584441280411358,17,453.0,0.2033906435052473,17,453.0
1295.0,20,193.0,4.1063829787234045,2.9402814396563888,20,499.0,0.07288749743500575,20,499.0
1300.0,20,251.0,4.5636363636363635,5.149920237606188,20,536.0,0.27723323766546465,20,536.0
1305.0,13,155.0,2.980769230769231,4.179592363071491,13,502.0,0.21995910452526546,13,502.0
1310.0,14,89.0,1.6481481481481481,3.945909925576581,14,386.0,0.18594095211238895,14,386.0
1315.0,24,186.0,3.576923076923077,3.8335276093184425,24,392.0,0.11658569597497603,24,392.0
1320.0,29,304.0,5.846153846153846,2.8942788394597723,29,486.0,0.09319146271068739,29,486.0
1325.0,38,475.0,9.5,1.789912880813089,38,657.0,0.04655234545710079,38,657.0
1330.0,37,534.0,10.68,1.6601614924154686,37,782.0,0.07642746680198816,37,782.0
1335.0,31,495.0,9.0,3.2825703172710474,31,817.0,0.1598939684047445,31,817.0
1340.0,25,490.0,8.596491228070175,5.1085801503597095,25,807.0,0.2149405000381267,25,807.0
1345.0,21,482.0,8.763636363636364,5.1968849494268,21,811.0,0.19962783209842583,21,811.0
1350.0,14,247.0,4.94,5.243660450004905,14,748.0,0.2671699968273826,14,748.0
1355.0,15,251.0,5.340425531914893,4.611030283648304,15,638.0,0.2184035541261135,15,638.0
1360.0,20,309.0,6.0588235294117645,3.877500040530622,20,676.0,0.15881348161140432,20,676.0
1365.0,19,376.0,7.673469387755102,3.401577676589546,19,681.0,0.10584765399899429,19,681.0
1370.0,15,200.0,3.5714285714285716,4.947388390663493,15,629.0,0.27104231361907244,15,629.0
1375.0,11,96.0,1.8461538461538463,4.807386782918725,11,524.0,0.2841740450946941,11,524.0
1380.0,17,170.0,3.1481481481481484,4.5773735060343785,17,466.0,0.1820151610427762,17,466.0
1385.0,25,209.0,3.8703703703703702,3.189272816921894,25,513.0,0.10078041867708594,25,513.0
1390.0,24,243.0,4.764705882352941,3.8746029620485727,24,514.0,0.13854653159531322,24,514.0
1395.0,20,282.0,5.64,4.42355953705085,20,501.0,0.16211488344896235,20,501.0
1400.0,13,140.0,2.978723404255319,4.774426616668706,13,452.0,0.2161879999343094,13,452.0
1405.0,16,153.0,3.3260869565217392,4.977466945890796,16,388.0,0.26058137287258715,16,388.0
1410.0,18,203.0,4.229166666666667,4.131836462474524,18,429.0,0.21248132292089647,18,429.0
1415.0,15,239.0,4.877551020408164,3.960817394986341,15,444.0,0.1884263407188768,15,444.0
1420.0,17,306.0,6.244897959183674,4.760829658081643,17,444.0,0.1672879738165459,17,444.0
1425.0,13,217.0,4.34,4.769947031346345,13,437.0,0.2043105143274429,13,437.0
1430.0,16,221.0,4.911111111111111,4.294277969776228,16,402.0,0.19936143965628736,16,402.0
1435.0,18,267.0,5.680851063829787,4.070290610950217,18,425.0,0.17887535683766198,18,425.0
1440.0,16,299.0,6.953488372093023,3.6750320336391975,16,455.0,0.11536058247778382,16,455.0
1445.0,12,202.0,3.8846153846153846,5.891874305018579,12,420.0,0.32365763755172516,12,420.0
1450.0,15,237.0,5.1521739130434785,4.917256029228819,15,375.0,0.24899760633691154,15,375.0
1455.0,21,289.0,5.78,3.616794716529071,21,432.0,0.14843144268246608,21,432.0
1460.0,18,347.0,7.711111111111111,2.9836908408303677,18,477.0,0.11186398570699876,18,477.0
1465.0,15,241.0,4.82,4.20556706143096,15,389.0,0.19314738444208102,15,389.0
1470.0,22,336.0,7.304347826086956,3.225568529950311,22,466.0,0.11560558078625004,22,466.0
1475.0,26,386.0,8.212765957446809,2.3017840081408067,26,525.0,0.09042499305915228,26,525.0
1480.0,32,537.0,10.74,2.8493963986422,32,641.0,0.12956019489125464,32,641.0
1485.0,30,594.0,11.20754716981132,2.9479128317427716,30,748.0,0.14830150698277297,30,748.0
1490.0,25,582.0,11.411764705882353,3.094736585629333,25,794.0,0.13576924132359508,25,794.0
1495.0,25,619.0,11.462962962962964,4.4903510596290594,25,814.0,0.14858604977517598,25,814.0
1500.0,17,319.0,6.38,3.8576952551262678,17,767.0,0.1468202567178745,17,767.0
1505.0,12,83.0,1.7291666666666667,4.786548738555759,12,593.0,0.24474638014370487,12,593.0
1510.0,17,149.0,3.1041666666666665,4.902198623891134,17,442.0,0.1815759834133262,17,442.0
1515.0,19,174.0,3.1636363636363636,4.812846228962442,19,481.0,0.2459913813931517,19,481.0
1520.0,18,174.0,3.2830188679245285,4.914666519718217,18,471.0,0.23970543377747233,18,471.0
1525.0,18,208.0,3.8518518518518516,4.838363247132592,18,428.0,0.18186334852972022,18,428.0
1530.0,21,285.0,5.816326530612245,5.419914316305063,21,469.0,0.22677089769553158,21,469.0
1535.0,15,176.0,3.8260869565217392,4.520858620357291,15,461.0,0.2242115326530141,15,461.0
1540.0,18,242.0,5.5,4.307796533613327,18,445.0,0.20434015741167622,18,445.0
1545.0,21,304.0,6.608695652173913,3.839351308570045,21,498.0,0.1333664405290961,21,498.0
1550.0,18,356.0,7.416666666666667,4.900699722192315,18,499.0,0.2554887723594671,18,499.0
1555.0,13,201.0,4.1020408163265305,5.048491015740216,13,469.0,0.261685082672561,13,469.0
1560.0,13,125.0,2.6595744680851063,4.498507595386063,13,359.0,0.20261783558117177,13,359.0
1565.0,22,139.0,2.8958333333333335,3.7328614886598874,22,353.0,0.15001568797659562,22,353.0
1570.0,30,279.0,5.9361702127659575,2.429765430881717,30,493.0,0.07123425746399918,30,493.0
1575.0,33,331.0,7.042553191489362,2.183207384405602,33,594.0,0.10291251220019136,33,594.0
1580.0,26,329.0,7.0,2.6803325789743284,26,640.0,0.09704711100271304,26,640.0
1585.0,23,349.0,6.584905660377358,5.422189894842823,23,630.0,0.22943650507968574,23,630.0
1590.0,15,256.0,4.7407407407407405,5.696166556039908,15,629.0,0.30860837120774876,15,629.0
1595.0,13,213.0,4.4375,4.551317571679104,13,551.0,0.2238856039154316,13,551.0
1600.0,23,264.0,5.076923076923077,3.6087548575899926,23,593.0,0.1640563293609321,23,593.0
1605.0,22,327.0,6.54,3.497744776695756,22,614.0,0.11504457171881957,22,614.0
1610.0,17,144.0,2.769230769230769,3.627015742899686,17,568.0,0.16089362032503288,17,568.0
1615.0,19,185.0,3.9361702127659575,3.6114219670228302,19,487.0,0.1499077421637858,19,487.0
1620.0,21,245.0,5.0,3.4944271869127235,21,532.0,0.10410360610227154,21,532.0
1625.0,19,295.0,5.673076923076923,4.930391212691249,19,531.0,0.22102134824691871,19,531.0
1630.0,10,177.0,3.4038461538461537,4.877398868191225,10,480.0,0.23231270609227075,10,480.0
1635.0,11,125.0,2.5,4.831094047825465,11,385.0,0.20122809673344602,11,385.0
1640.0,18,173.0,3.5306122448979593,3.988408911006513,18,392.0,0.16945419768814973,18,392.0
1645.0,26,289.0,6.020833333333333,2.879356478311465,26,496.0,0.08121905653061849,26,496.0
1650.0,28,330.0,6.73469387755102,2.6795139886199135,28,575.0,0.10836608939154671,28,575.0
1655.0,24,317.0,7.044444444444444,2.8473174031533226,24,586.0,0.09311170581870835,24,586.0
1660.0,20,339.0,6.163636363636364,5.798545882028153,20,592.0,0.3043042018640297,20,592.0
1665.0,14,356.0,7.12,6.4393716403588055,14,578.0,0.3393071901182488,14,578.0
1670.0,10,231.0,4.714285714285714,6.368816268533875,10,519.0,0.36275369802031004,10,519.0
1675.0,13,194.0,4.217391304347826,5.755472686742669,13,383.0,0.2573334414520204,13,383.0
1680.0,15,236.0,5.130434782608695,4.119548488020213,15,421.0,0.16021509556055072,15,421.0
1685.0,14,280.0,6.222222222222222,4.6470647370360645,14,437.0,0.19137944965129672,14,437.0
1690.0,14,125.0,2.7777777777777777,4.3286389733129615,14,310.0,0.19632945899502854,14,310.0
1695.0,20,208.0,4.425531914893617,4.135550030980291,20,358.0,0.18997074120281923,20,358.0
1700.0,20,268.0,5.583333333333333,4.329316076703491,20,423.0,0.24540519817751985,20,423.0
1705.0,17,308.0,6.553191489361702,3.9000653567260954,17,452.0,0.19095104446924765,17,452.0
1710.0,12,224.0,4.48,4.661125879643962,12,424.0,0.23090082180853488,12,424.0
1715.0,16,295.0,6.413043478260869,4.151726478336544,16,425.0,0.16019569952513502,16,425.0
1720.0,21,352.0,7.333333333333333,4.057623844404545,21,484.0,0.18804622415603142,21,484.0
1725.0,16,399.0,9.068181818181818,3.981874081956168,16,503.0,0.1305277003373566,16,503.0
1730.0,17,471.0,9.235294117647058,4.993201601516448,17,586.0,0.27750875866584934,17,586.0
1735.0,23,574.0,11.714285714285714,3.6773289629734696,23,689.0,0.23688943465653534,23,689.0
1740.0,32,715.0,14.895833333333334,1.8999811867480272,32,830.0,0.14246452088525727,32,830.0
1745.0,37,819.0,15.75,1.69173463724895,37,965.0,0.09517024242230865,37,965.0
1750.0,34,881.0,16.314814814814813,2.840290766843565,34,1043.0,0.0921054987604376,34,1043.0
1755.0,24,539.0,9.625,3.389051818213401,24,1000.0,0.14060050843521968,24,1000.0
1760.0,16,192.0,3.5555555555555554,3.9265663311958616,16,748.0,0.15271359514367336,16,748.0
1765.0,20,240.0,4.2105263157894735,5.134133681110013,20,578.0,0.22551284140323652,20,578.0
1770.0,21,274.0,4.892857142857143,4.154749161885774,21,634.0,0.18048523985311304,21,634.0
1775.0,24,301.0,5.472727272727273,3.750806692115424,24,631.0,0.13309478049708223,24,631.0
1780.0,26,360.0,6.666666666666667,4.469633198349282,26,665.0,0.14060139017059903,26,665.0
1785.0,16,190.0,3.6538461538461537,3.6787963938852317,16,657.0,0.16078560350543514,16,657.0
1790.0,20,249.0,4.882352941176471,4.437076448267022,20,607.0,0.17513811931535167,20,607.0
1795.0,23,317.0,6.215686274509804,3.592122472764341,23,669.0,0.14035211428988173,23,669.0
1800.0,21,377.0,8.195652173913043,3.013027488519607,21,690.0,0.08668830245458466,21,690.0
1805.0,21,406.0,7.25,4.420144052142093,21,740.0,0.2398771715180529,21,740.0
1810.0,25,516.0,10.117647058823529,2.6660216025849723,25,855.0,0.150557541088444,25,855.0
1815.0,28,409.0,7.303571428571429,2.068452779159116,28,852.0,0.11112318069336363,28,852.0
1820.0,30,290.0,5.2727272727272725,2.4723498518902933,30,766.0,0.07528266730652101,30,766.0
1825.0,34,441.0,7.35,4.089843059013052,34,703.0,0.1396478689627914,34,703.0
1830.0,33,464.0,8.285714285714286,2.756300780883312,33,787.0,0.07007570331977496,33,787.0
1835.0,31,436.0,8.074074074074074,2.7590101788828667,31,797.0,0.07741733567359396,31,797.0
1840.0,27,406.0,7.12280701754386,4.8661424302977005,27,763.0,0.20442866170416707,27,763.0
1845.0,19,398.0,7.236363636363636,5.597715277257157,19,771.0,0.27492635849335356,19,771.0
1850.0,12,184.0,3.607843137254902,4.967245508225764,12,672.0,0.2541123707072821,12,672.0
1855.0,17,254.0,5.183673469387755,4.860369992029059,17,615.0,0.2622637433008318,17,615.0
1860.0,23,324.0,6.75,2.942034598693077,23,663.0,0.0928919031394779,23,663.0
1865.0,19,395.0,7.596153846153846,4.1552557705585285,19,670.0,0.19159775319218567,19,670.0
1870.0,13,249.0,4.98,3.15981818998015,13,614.0,0.1078098961035415,13,614.0
1875.0,13,164.0,2.8275862068965516,5.361615167296665,13,505.0,0.3040995143338961,13,505.0
1880.0,18,244.0,4.4363636363636365,5.229917605151979,18,454.0,0.25378508036932723,18,454.0
1885.0,20,266.0,4.666666666666667,3.675333274710287,20,485.0,0.14610304466435797,20,485.0
1890.0,25,296.0,5.584905660377358,3.4786627976686266,25,464.0,0.09385708374523448,25,464.0
1895.0,18,180.0,3.4615384615384617,3.533915832001472,18,500.0,0.13707269258919627,18,500.0
1900.0,18,217.0,4.428571428571429,3.7721935710795798,18,490.0,0.14619352572900216,18,490.0
1905.0,17,250.0,5.1020408163265305,3.9741867678013647,17,507.0,0.14536088233458205,17,507.0
1910.0,16,285.0,5.480769230769231,4.546591570840277,16,491.0,0.22359768144393763,16,491.0
1915.0,14,332.0,6.509803921568627,5.865398993105577,14,482.0,0.2819650090612746,14,482.0
1920.0,9,216.0,4.5,4.470567028459235,9,453.0,0.21996680983408118,9,453.0
1925.0,13,222.0,4.826086956521739,4.726926342042129,13,403.0,0.23446972156651685,13,403.0
1930.0,16,257.0,5.468085106382978,3.857422187429421,16,442.0,0.15159822866023098,16,442.0
1935.0,16,289.0,6.282608695652174,3.9372732781132105,16,446.0,0.1703401008640864,16,446.0
1940.0,13,117.0,2.5434782608695654,3.5114822022968926,13,321.0,0.1481816343932838,13,321.0
1945.0,20,190.0,3.877551020408163,3.983446752836841,20,350.0,0.21351340920152395,20,350.0
1950.0,20,195.0,3.823529411764706,3.8774635748316952,20,403.0,0.23817165918345487,20,403.0
1955.0,27,320.0,6.4,2.9383423086005895,27,482.0,0.1430936832736899,27,482.0
1960.0,38,488.0,8.872727272727273,2.5923684550242783,38,651.0,0.05568134022383519,38,651.0
1965.0,43,694.0,13.607843137254902,1.2199405692731318,43,857.0,0.016381744598932046,43,857.0
1970.0,43,746.0,13.814814814814815,1.4139341371609015,43,991.0,0.05239404543605564,43,991.0
1975.0,34,684.0,13.153846153846153,2.5643905916418928,34,993.0,0.07899719140382325,34,993.0
1980.0,28,651.0,12.283018867924529,4.178747305366241,28,989.0,0.11483739264565113,28,989.0
1985.0,20,580.0,10.943396226415095,5.704401907980298,20,978.0,0.28502297518386266,20,978.0
1990.0,11,270.0,5.510204081632653,5.529019155919759,11,886.0,0.29202836826191686,11,886.0
1995.0,10,104.0,2.08,5.343026946077211,10,728.0,0.271531330741008,10,728.0
2000.0,19,181.0,3.4150943396226414,5.381500567821765,19,637.0,0.20446459246354093,19,637.0
2005.0,22,217.0,4.173076923076923,3.395874975059053,22,670.0,0.1281065974943845,22,670.0
2010.0,20,224.0,4.392156862745098,3.5420086943791125,20,633.0,0.1278643847976953,20,633.0
2015.0,20,263.0,5.36734693877551,4.482519150710989,20,540.0,0.12889634724800444,20,540.0
2020.0,16,306.0,5.773584905660377,6.517134611698618,16,521.0,0.3531867136071215,16,521.0
2025.0,13,227.0,4.63265306122449,6.4055193349696244,13,410.0,0.370563196617976,13,410.0
2030.0,21,314.0,6.1568627450980395,4.4282307834812915,21,497.0,0.20228725189817134,21,497.0
2035.0,23,391.0,7.979591836734694,2.740377388243921,23,558.0,0.11395800872396869,23,558.0
2040.0,21,460.0,9.387755102040817,3.020088192391352,21,611.0,0.13746411284933582,21,611.0
2045.0,16,326.0,6.392156862745098,3.1514238615244694,16,614.0,0.12279612706829299,16,614.0
2050.0,20,382.0,7.490196078431373,3.632189165395033,20,579.0,0.14517710672186784,20,579.0
2055.0,22,443.0,8.054545454545455,3.8630633846267486,22,618.0,0.1567213959183634,22,618.0
2060.0,18,488.0,9.037037037037036,4.65447567624858,18,647.0,0.2363181104576945,18,647.0
2065.0,20,557.0,10.50943396226415,4.106677933041344,20,716.0,0.1758100239975148,20,716.0
2070.0,22,644.0,12.627450980392156,3.513248838682203,22,820.0,0.17216768301755278,22,820.0
2075.0,23,391.0,7.979591836734694,2.2863538252431006,23,773.0,0.08506425657500757,23,773.0
2080.0,22,183.0,3.452830188679245,3.786705238447165,22,631.0,0.16516286298527966,22,631.0
2085.0,23,168.0,3.230769230769231,2.7297747184653707,23,682.0,0.07373781687010711,23,682.0
2090.0,23,145.0,2.543859649122807,4.563843454375904,23,695.0,0.24022089827242693,23,695.0
2095.0,22,150.0,2.6315789473684212,5.45088512247403,22,694.0,0.24851713028544373,22,694.0
2100.0,12,81.0,1.528301886792453,4.261784197444056,12,654.0,0.20597999305659453,12,654.0
2105.0,15,62.0,1.24,4.263389660595576,15,527.0,0.20872404176015186,15,527.0
2110.0,21,143.0,2.75,4.563520218171661,21,470.0,0.17549167761130263,21,470.0
2115.0,22,173.0,3.2641509433962264,3.309301371274877,22,514.0,0.12212071858604594,22,514.0
2120.0,21,180.0,3.5294117647058822,3.8544590933069904,21,507.0,0.14093753619804142,21,507.0
2125.0,20,226.0,4.264150943396227,4.8378607451608096,20,466.0,0.18608105653547155,20,466.0
2130.0,16,268.0,5.36,6.178737858000884,16,479.0,0.30938958359385194,16,479.0
2135.0,10,189.0,4.0212765957446805,5.781214544715125,10,439.0,0.31200662825317094,10,439.0
2140.0,18,263.0,5.595744680851064,5.2737946711235075,18,452.0,0.23689737966549135,18,452.0
2145.0,19,322.0,6.851063829787234,3.827816645795638,19,506.0,0.14342552618721266,19,506.0
2150.0,18,376.0,8.545454545454545,3.8846631677408356,18,526.0,0.13624552949984278,18,526.0
2155.0,11,233.0,5.065217391304348,4.3638655826237605,11,493.0,0.17689549018917905,11,493.0
2160.0,11,170.0,4.0476190476190474,4.574262896633679,11,404.0,0.16783715276803335,11,404.0
2165.0,14,190.0,3.7254901960784315,5.511840553376898,14,388.0,0.3073634741381373,14,388.0
2170.0,11,204.0,4.340425531914893,5.0127668878594696,11,385.0,0.23076178232902453,11,385.0
2175.0,15,111.0,2.22,4.195304810015918,15,298.0,0.18521305912546082,15,298.0
2180.0,22,203.0,4.413043478260869,3.3036287925628596,22,397.0,0.11039319851373063,22,397.0
2185.0,24,275.0,5.612244897959184,3.019421912875784,24,475.0,0.14158502022850214,24,475.0
2190.0,21,325.0,7.222222222222222,3.1532807689564266,21,511.0,0.13457890844334655,21,511.0
2195.0,20,397.0,8.10204081632653,3.2097302825681355,20,601.0,0.11825813422714683,20,601.0
2200.0,26,511.0,10.019607843137255,2.96554444225568,26,721.0,0.17394842108415673,26,721.0
2205.0,25,423.0,8.294117647058824,2.534305797359741,25,737.0,0.17639177779166001,25,737.0
2210.0,30,420.0,7.777777777777778,2.632180581008675,30,697.0,0.10095306007222014,30,697.0
2215.0,31,463.0,7.982758620689655,3.217500183103154,31,730.0,0.11165425198264077,31,730.0
2220.0,30,467.0,8.49090909090909,3.0853105726373373,30,772.0,0.06760181962047802,30,772.0
2225.0,25,469.0,8.527272727272727,4.841201196101946,25,779.0,0.1881741155771619,25,779.0
2230.0,15,176.0,3.52,4.058739924231198,15,734.0,0.1578518106786084,15,734.0
2235.0,17,165.0,3.1132075471698113,5.436946645415472,17,607.0,0.3095291409131459,17,607.0
2240.0,19,217.0,4.018518518518518,4.612496291429182,19,647.0,0.23715845645249276,19,647.0
2245.0,18,263.0,4.781818181818182,4.089577517258938,18,636.0,0.1977379238329551,18,636.0
2250.0,20,162.0,3.0,3.01493729938477,20,632.0,0.11024863674986883,20,632.0
2255.0,17,126.0,2.3773584905660377,3.376164944338725,17,560.0,0.1453304251607871,17,560.0
2260.0,20,150.0,2.830188679245283,3.28013319559014,20,574.0,0.12981704146669956,20,574.0
2265.0,30,266.0,4.925925925925926,3.0471246208342366,30,640.0,0.09032912703678117,30,640.0
2270.0,34,319.0,5.696428571428571,2.9666662084395403,34,723.0,0.1298357723685169,34,723.0
2275.0,29,309.0,5.722222222222222,3.833688227910712,29,699.0,0.1770465947039778,29,699.0
2280.0,25,328.0,6.074074074074074,4.219993006863067,25,672.0,0.13436491292042677,25,672.0
2285.0,20,340.0,6.415094339622642,5.346454345015905,20,665.0,0.21258632091057664,20,665.0
2290.0,12,234.0,4.9787234042553195,4.765781798759278,12,612.0,0.2425698648710497,12,612.0
2295.0,13,197.0,4.104166666666667,5.3684536870613995,13,530.0,0.27820098567835994,13,530.0
2300.0,20,285.0,5.9375,4.827331061038513,20,534.0,0.18528255039379832,20,534.0
2305.0,21,323.0,6.09433962264151,4.326260781704014,21,561.0,0.20365209975110696,21,561.0
2310.0,21,355.0,6.69811320754717,5.039721698231629,21,566.0,0.2703397793190313,21,566.0
2315.0,16,365.0,7.1568627450980395,4.921347026344273,16,526.0,0.1811140896687092,16,526.0
2320.0,15,216.0,4.235294117647059,4.254235212355587,15,505.0,0.19683849057540972,15,505.0
2325.0,17,272.0,5.787234042553192,4.624948005922584,17,466.0,0.20330769302189663,17,466.0
2330.0,20,181.0,3.693877551020408,4.112215454696855,20,393.0,0.15984959666917117,20,393.0
2335.0,27,301.0,6.840909090909091,2.7238612857136957,27,491.0,0.08538490426654978,27,491.0
2340.0,28,343.0,7.456521739130435,2.2379319158697957,28,565.0,0.0688700292420664,28,565.0
2345.0,25,344.0,6.88,3.9879205972013363,25,573.0,0.1869839870327133,25,573.0
2350.0,18,331.0,6.490196078431373,5.832958869259274,18,532.0,0.26223561512110893,18,532.0
2355.0,15,352.0,7.333333333333333,5.611444306770416,15,528.0,0.24688048354840492,15,528.0
2360.0,11,137.0,3.0444444444444443,5.4253588058148345,11,473.0,0.2798816216699291,11,473.0
2365.0,12,91.0,2.0681818181818183,5.398322153686346,12,358.0,0.268062876634944,12,358.0
2370.0,18,166.0,3.688888888888889,5.130435079481857,18,340.0,0.20767955836260069,18,340.0
2375.0,17,194.0,4.511627906976744,3.4780691510637456,17,381.0,0.11301947055732166,17,381.0
2380.0,15,188.0,3.6153846153846154,5.666036184415311,15,346.0,0.30004172250040395,15,346.0
2385.0,12,207.0,4.404255319148936,6.593539310646087,12,323.0,0.34189165925682496,12,323.0
2390.0,8,45.0,0.9574468085106383,5.225555462549605,8,260.0,0.2777712119709901,8,260.0
2395.0,14,96.0,2.341463414634146,4.752462005986538,14,217.0,0.2376581232551023,14,217.0
2400.0,17,137.0,3.186046511627907,3.6286635660352853,17,259.0,0.14803940731455859,17,259.0
2405.0,15,178.0,4.238095238095238,4.068347602787191,15,271.0,0.1598712823256159,15,271.0
2410.0,10,90.0,2.0454545454545454,4.191864569117,10,272.0,0.19032773560981267,10,272.0
2415.0,13,131.0,2.911111111111111,4.687031900610249,13,249.0,0.2522768616528345,13,249.0
2420.0,13,148.0,3.0833333333333335,5.271226277469357,13,263.0,0.26406036020399937,13,263.0
2425.0,10,161.0,3.5,4.686347396471548,10,257.0,0.18599274404755,10,257.0
2430.0,12,206.0,4.478260869565218,5.841693148236823,12,257.0,0.25833229555111475,12,257.0
2435.0,9,132.0,3.142857142857143,4.792361854682291,9,242.0,0.19334131593353257,9,242.0
2440.0,14,184.0,4.380952380952381,4.754589507066783,14,244.0,0.20873868037070933,14,244.0
2445.0,16,219.0,5.475,4.24540980652168,16,295.0,0.18399998950225854,16,295.0
2450.0,14,239.0,5.195652173913044,6.034217323510225,14,300.0,0.32800857299599545,14,300.0
2455.0,11,163.0,3.5434782608695654,5.74080728735035,11,239.0,0.3235603030024071,11,239.0
2460.0,16,234.0,5.318181818181818,3.702598239101191,16,311.0,0.1712296229690225,16,311.0
2465.0,22,290.0,6.444444444444445,2.893067214026441,22,384.0,0.12862121963467094,22,384.0
2470.0,18,336.0,7.466666666666667,3.718477135649769,18,426.0,0.14239862663584302,18,426.0
2475.0,16,159.0,3.382978723404255,3.85630457773882,16,418.0,0.153016779599509,16,418.0
2480.0,14,144.0,3.272727272727273,3.960555194410482,14,334.0,0.1827890786930414,14,334.0
2485.0,18,175.0,3.5714285714285716,4.330881155524627,18,350.0,0.1960663206400013,18,350.0
2490.0,17,205.0,4.361702127659575,4.792058678572402,17,370.0,0.21533957005621343,17,370.0
2495.0,13,247.0,5.145833333333333,5.227904927630798,13,371.0,0.19474335294166967,13,371.0
2500.0,13,106.0,2.25531914893617,5.026529196785747,13,341.0,0.2083901245161053,13,341.0
2505.0,15,166.0,3.9523809523809526,4.275761459854576,15,301.0,0.18614017076869907,15,301.0
2510.0,19,212.0,4.818181818181818,3.684402324187475,19,356.0,0.12457430610787942,19,356.0
2515.0,16,256.0,5.688888888888889,4.855243131943465,16,386.0,0.20457493216672432,16,386.0
2520.0,11,104.0,2.5365853658536586,3.8340784541469946,11,334.0,0.12087357260549388,11,334.0
2525.0,11,67.0,1.3673469387755102,6.2304910472356,11,220.0,0.3339698938602378,11,220.0
2530.0,10,76.0,1.6521739130434783,4.875513447395549,10,213.0,0.2181361952101221,10,213.0
2535.0,14,86.0,1.7916666666666667,4.643114803328458,14,214.0,0.1860019065385653,14,214.0
2540.0,15,149.0,3.3863636363636362,5.473360189846307,15,226.0,0.18248272555484835,15,226.0
2545.0,12,112.0,2.4347826086956523,5.411141533888821,12,224.0,0.248632177265676,12,224.0
2550.0,17,187.0,4.794871794871795,4.100021461502502,17,263.0,0.15707922276337746,17,263.0
2555.0,17,229.0,5.4523809523809526,3.7941814875033293,17,322.0,0.131791683347626,17,322.0
2560.0,13,265.0,6.309523809523809,4.6044797277934455,13,344.0,0.220489984511543,13,344.0
2565.0,8,125.0,2.717391304347826,5.575998353847084,8,304.0,0.2936524346220437,8,304.0
2570.0,9,99.0,2.25,4.842667541996939,9,213.0,0.2098465761434976,9,213.0
2575.0,19,179.0,3.977777777777778,4.921977058656503,19,231.0,0.17443581664819421,19,231.0
2580.0,19,207.0,4.813953488372093,3.644733026418934,19,292.0,0.0818682205140024,19,292.0
2585.0,16,201.0,4.674418604651163,5.254453291176156,16,308.0,0.22939419459913038,16,308.0
2590.0,11,220.0,5.641025641025641,6.049348412826909,11,300.0,0.20489396733866633,11,300.0
2595.0,10,251.0,5.456521739130435,8.555710930497495,10,309.0,0.48090333242867056,10,309.0
2600.0,8,168.0,4.097560975609756,7.357352169367323,8,226.0,0.4391509598718078,8,226.0
2605.0,19,236.0,5.619047619047619,4.636959504546634,19,294.0,0.23021113752620492,19,294.0
2610.0,21,304.0,7.6,3.4234396310601545,21,374.0,0.15182987562147604,21,374.0
2615.0,15,353.0,8.825,4.137584491439948,15,411.0,0.19584859713463837,15,411.0
2620.0,12,204.0,4.857142857142857,4.563897268644273,12,382.0,0.19798546542846585,12,382.0
2625.0,17,247.0,5.880952380952381,4.880223987723745,17,332.0,0.21242238803929384,17,332.0
2630.0,21,297.0,6.6,4.366802739070726,21,398.0,0.20530220165080956,21,398.0
2635.0,17,334.0,7.9523809523809526,5.188679127324475,17,418.0,0.26785093774801555,17,418.0
2640.0,9,100.0,2.3255813953488373,4.744500511405062,9,366.0,0.21816622701302998,9,366.0
2645.0,11,66.0,1.5714285714285714,4.972889969369425,11,252.0,0.25259588009041856,11,252.0
2650.0,17,103.0,2.4523809523809526,4.109809407853894,17,272.0,0.1608879863732131,17,272.0
2655.0,16,140.0,3.3333333333333335,4.985736858724443,16,292.0,0.18699095690326406,16,292.0
2660.0,7,140.0,3.4146341463414633,5.296008878791203,7,291.0,0.22781750086018548,7,291.0
2665.0,13,187.0,4.4523809523809526,5.926415715024954,13,294.0,0.2985679640555036,13,294.0
2670.0,14,222.0,4.933333333333334,5.810808911310544,14,337.0,0.3252742944311308,14,337.0
2675.0,9,239.0,5.829268292682927,4.868346016179348,9,340.0,0.2048274398890116,9,340.0
2680.0,11,47.0,1.0681818181818181,4.9428035609165235,11,253.0,0.2257766838560476,11,253.0
2685.0,13,92.0,2.3,4.772103604366668,13,168.0,0.18439320357462227,13,168.0
2690.0,16,128.0,2.9767441860465116,4.409663859429259,16,209.0,0.18121591626279743,16,209.0
2695.0,15,162.0,4.2631578947368425,4.248873733880347,15,234.0,0.15062309845585029,15,234.0
2700.0,12,211.0,5.275,6.303471779420906,12,252.0,0.2274475623969737,12,252.0
2705.0,9,132.0,3.142857142857143,6.410087565325902,9,240.0,0.3353129335640683,9,240.0
2710.0,14,162.0,4.153846153846154,5.477272373963446,14,223.0,0.2943931899494643,14,223.0
2715.0,17,190.0,4.75,4.385726305553878,17,255.0,0.14928857385619965,17,255.0
2720.0,14,219.0,5.341463414634147,6.054963621377967,14,279.0,0.2500957787348663,14,279.0
2725.0,7,130.0,3.4210526315789473,5.632205735980769,7,245.0,0.22831626202387062,7,245.0
2730.0,13,172.0,4.777777777777778,5.595867728490962,13,231.0,0.2588810799993707,13,231.0
2735.0,15,201.0,5.911764705882353,3.8752239768475607,15,270.0,0.10814009986408192,15,270.0
2740.0,11,226.0,5.512195121951219,6.60084636036736,11,284.0,0.3840827738949895,11,284.0
2745.0,9,138.0,3.45,6.421030884648957,9,201.0,0.3467345868988878,9,201.0
2750.0,18,209.0,4.976190476190476,4.8010796541505485,18,272.0,0.2169606460012741,18,272.0
2755.0,21,266.0,6.82051282051282,3.1100518937891346,21,347.0,0.12123508245516737,21,347.0
2760.0,16,303.0,7.769230769230769,4.002897918151902,16,373.0,0.1832841696564435,16,373.0
2765.0,11,285.0,6.951219512195122,4.881337434869112,11,381.0,0.1932649076967528,11,381.0
2770.0,17,358.0,8.731707317073171,4.6745095706759745,17,417.0,0.17810365081776955,17,417.0
2775.0,19,412.0,9.581395348837209,4.2767555817878575,19,482.0,0.2178644179610393,19,482.0
2780.0,15,460.0,10.69767441860465,5.640353586378691,15,518.0,0.30381975401629624,15,518.0
2785.0,11,177.0,4.0227272727272725,4.5662524077547095,11,438.0,0.2121914490687926,11,438.0
2790.0,11,43.0,0.9772727272727273,5.31028841000244,11,283.0,0.2589973049437212,11,283.0
2795.0,17,120.0,2.926829268292683,5.308122234886529,17,201.0,0.15500763009326038,17,201.0
2800.0,19,142.0,3.302325581395349,4.8612024105353,19,256.0,0.20164998178857613,19,256.0
2805.0,14,129.0,3.3076923076923075,4.687325792989425,14,273.0,0.15595097562764051,14,273.0
2810.0,11,143.0,3.1777777777777776,7.573654426884026,11,250.0,0.3865754790522882,11,250.0
2815.0,6,126.0,3.0,7.274182565753111,6,244.0,0.4283130047341901,6,244.0
2820.0,10,160.0,4.102564102564102,4.867452435215614,10,251.0,0.23132902547669842,10,251.0
2825.0,18,202.0,4.926829268292683,4.41856032044876,18,292.0,0.17736420760471514,18,292.0
2830.0,13,237.0,5.925,5.495814866675299,13,309.0,0.21965500523577827,13,309.0
2835.0,9,68.0,1.7,5.723766541791757,9,241.0,0.24912105309533703,9,241.0
2840.0,12,93.0,2.5833333333333335,5.491412891955378,12,174.0,0.23876951423351347,12,174.0
2845.0,13,115.0,2.875,5.48641409748766,13,193.0,0.24770311001970982,13,193.0
2850.0,9,132.0,3.6666666666666665,5.264616217348065,9,197.0,0.266723350337419,9,197.0
2855.0,6,87.0,2.230769230769231,5.8378409727922564,6,188.0,0.30722880080325277,6,188.0
2860.0,14,139.0,3.861111111111111,4.062134696470782,14,205.0,0.14628967307531468,14,205.0
2865.0,16,174.0,4.461538461538462,4.220418477520785,16,256.0,0.18154226426945402,16,256.0
2870.0,13,192.0,5.052631578947368,4.565426295163964,13,271.0,0.15540988526277855,13,271.0
2875.0,10,228.0,5.846153846153846,6.737713981733798,10,279.0,0.26371603091611506,10,279.0
2880.0,6,158.0,4.514285714285714,5.721569342332349,6,253.0,0.21455176803721912,6,253.0
2885.0,14,213.0,5.325,6.443122884642156,14,251.0,0.3675009221281265,14,251.0
2890.0,14,250.0,6.410256410256411,4.625484446371638,14,303.0,0.23217937279192474,14,303.0
2895.0,15,277.0,6.925,4.5216382333021095,15,333.0,0.22930958411566021,15,333.0
2900.0,13,179.0,4.475,4.538491120863831,13,243.0,0.17096537815715984,13,243.0
2905.0,20,263.0,6.414634146341464,4.170822259529876,20,318.0,0.1976634342684567,20,318.0
2910.0,20,324.0,8.307692307692308,2.715033718736295,20,393.0,0.09321053946886836,20,393.0
2915.0,18,373.0,9.325,4.274623871951047,18,438.0,0.18553066527962925,18,438.0
2920.0,12,178.0,3.9555555555555557,5.247602390382067,12,393.0,0.24956910502444873,12,393.0
2925.0,12,157.0,3.6511627906976742,5.604268375398703,12,298.0,0.3084197087048938,12,298.0
2930.0,17,182.0,4.136363636363637,3.8160897424095412,17,322.0,0.13456814993276503,17,322.0
2935.0,19,221.0,4.911111111111111,5.407506375894053,19,349.0,0.23011414080228904,19,349.0
2940.0,10,81.0,1.975609756097561,4.366280767050412,10,319.0,0.14048101625464918,10,319.0
2945.0,14,124.0,2.9523809523809526,5.195555718386377,14,275.0,0.248988336958511,14,275.0
2950.0,15,165.0,4.230769230769231,3.721121192121698,15,311.0,0.10793680050637468,15,311.0
2955.0,14,200.0,4.3478260869565215,6.002428794836214,14,331.0,0.34301689748773395,14,331.0
2960.0,6,80.0,1.8604651162790697,5.846694136167023,6,280.0,0.3408702250645616,6,280.0
2965.0,10,52.0,1.1555555555555554,5.388330120611476,10,186.0,0.28772879524420175,10,186.0
2970.0,20,85.0,1.9767441860465116,3.8343333285329306,20,233.0,0.1504459188496147,20,233.0
2975.0,17,122.0,2.8372093023255816,4.409718252678028,17,263.0,0.1886425858456009,17,263.0
2980.0,15,180.0,4.186046511627907,5.823811540061493,15,296.0,0.23417278931524207,15,296.0
2985.0,10,171.0,3.9767441860465116,5.924379862219786,10,296.0,0.2998880965915498,10,296.0
2990.0,13,207.0,4.813953488372093,5.906055303110799,13,275.0,0.3166797008507609,13,275.0
2995.0,16,244.0,5.809523809523809,5.035420795485586,16,327.0,0.2511830935422569,16,327.0
3000.0,13,279.0,6.804878048780488,5.423888679545686,13,358.0,0.2568604336206638,13,358.0
3005.0,11,132.0,3.2195121951219514,5.018897321227883,11,311.0,0.23822584539030253,11,311.0
3010.0,15,187.0,4.921052631578948,5.149337282929707,15,259.0,0.22459632807964033,15,259.0
3015.0,17,222.0,5.55,4.515307451529272,17,310.0,0.16473875548802264,17,310.0
3020.0,12,251.0,6.783783783783784,5.515624032892251,12,331.0,0.24534721360420403,12,331.0
3025.0,9,176.0,4.4,5.7309020849925165,9,305.0,0.3058281017443137,9,305.0
3030.0,13,184.0,4.380952380952381,6.714026879377859,13,280.0,0.3985280967029856,13,280.0
3035.0,12,197.0,5.051282051282051,4.43090383221293,12,284.0,0.19699299574703394,12,284.0
3040.0,15,210.0,5.0,5.439930712462016,15,299.0,0.24465194860961728,15,299.0
3045.0,11,95.0,2.5,4.590002109785291,11,198.0,0.1673255853710715,11,198.0
3050.0,18,170.0,4.25,4.374076229667333,18,261.0,0.2034120349899149,18,261.0
3055.0,19,225.0,6.081081081081081,2.8306067354001097,19,326.0,0.09686157085351285,19,326.0
3060.0,15,260.0,6.842105263157895,4.356680395239564,15,353.0,0.20235912079724436,15,353.0
3065.0,13,313.0,7.27906976744186,6.412495740775387,13,364.0,0.2905188105912185,13,364.0
3070.0,9,217.0,5.046511627906977,6.297705078495877,9,344.0,0.3681712754201715,9,344.0
3075.0,17,246.0,6.3076923076923075,4.758590192493177,17,291.0,0.19467624778446113,17,291.0
3080.0,16,289.0,7.048780487804878,4.915246646905378,16,357.0,0.20369118514171838,16,357.0
3085.0,12,312.0,8.0,5.435732402437292,12,373.0,0.2140299878234651,12,373.0
3090.0,9,77.0,1.9743589743589745,6.0676507021655315,9,290.0,0.31995590598139917,9,290.0
3095.0,11,72.0,2.057142857142857,5.206915077912979,11,168.0,0.1892922419176481,11,168.0
3100.0,15,101.0,2.3488372093023258,6.123380757586736,15,192.0,0.3384208272286105,15,192.0
3105.0,8,116.0,2.9743589743589745,6.627892342277564,8,207.0,0.38971900903081463,8,207.0
3110.0,10,45.0,1.0714285714285714,5.193116200431174,10,179.0,0.2678213466819057,10,179.0
3115.0,15,97.0,2.5526315789473686,4.688550704766309,15,185.0,0.17273492829384682,15,185.0
3120.0,16,135.0,3.4615384615384617,3.869308548339742,16,243.0,0.15277607003778154,16,243.0
3125.0,14,171.0,4.5,4.9643027976287994,14,264.0,0.20219301291689865,14,264.0
3130.0,12,221.0,5.666666666666667,6.793623934441255,12,290.0,0.30848077699883597,12,290.0
3135.0,11,116.0,2.8292682926829267,6.1231007329022225,11,250.0,0.32878415043412096,11,250.0
3140.0,16,185.0,4.743589743589744,5.853255229699133,16,223.0,0.3123696549167327,16,223.0
3145.0,14,219.0,5.615384615384615,5.157579778116144,14,280.0,0.25756698564530867,14,280.0
3150.0,13,246.0,6.473684210526316,5.246034551640963,13,303.0,0.2653257843646273,13,303.0
3155.0,11,151.0,4.081081081081081,4.849028723333884,11,280.0,0.1956495105212057,11,280.0
3160.0,15,176.0,4.631578947368421,5.332581345311304,15,245.0,0.2578848060548911,15,245.0
3165.0,14,206.0,5.5675675675675675,5.175680384727421,14,269.0,0.18327502395261003,14,269.0
3170.0,9,215.0,5.119047619047619,6.912973722145882,9,277.0,0.3716605001368525,9,277.0
3175.0,10,135.0,3.375,7.2025766345976665,10,193.0,0.4180169321575608,10,193.0
3180.0,18,204.0,5.368421052631579,4.251337925224243,18,262.0,0.1585336087885481,18,262.0
3185.0,21,263.0,6.743589743589744,3.728533289514162,21,336.0,0.18337946279356332,21,336.0
3190.0,14,306.0,7.846153846153846,4.650801634054894,14,363.0,0.17406398636735554,14,363.0
3195.0,12,172.0,4.195121951219512,4.915182987279702,12,342.0,0.23027348985414833,12,342.0
3200.0,17,219.0,5.615384615384615,4.522107839349841,17,301.0,0.17660195503907364,17,301.0
3205.0,19,263.0,6.261904761904762,4.479090569980402,19,362.0,0.22248990511640468,19,362.0
3210.0,14,294.0,7.170731707317073,5.243625198058032,14,386.0,0.24624864736835056,14,386.0
3215.0,9,111.0,2.642857142857143,5.871009905948333,9,333.0,0.2998804366169489,9,333.0
3220.0,11,67.0,1.763157894736842,4.194703608190021,11,224.0,0.16984752920488655,11,224.0
3225.0,12,90.0,2.1951219512195124,4.882635522485197,12,224.0,0.20607171653709982,12,224.0
3230.0,14,115.0,2.948717948717949,4.707078849542769,14,237.0,0.16252265298336316,14,237.0
3235.0,9,51.0,1.3076923076923077,5.405584272101664,9,205.0,0.26685842131226245,9,205.0
3240.0,15,112.0,3.2941176470588234,3.7562515590651206,15,211.0,0.09111194309052312,15,211.0
3245.0,17,153.0,3.477272727272727,5.47028069645957,17,267.0,0.3203005831873924,17,267.0
3250.0,11,162.0,4.153846153846154,5.51992564503854,11,282.0,0.29263495141786583,11,282.0
3255.0,9,55.0,1.25,4.747318405538724,9,253.0,0.225224726597429,9,253.0
3260.0,16,70.0,1.794871794871795,4.227888929627211,16,185.0,0.1700805400512879,16,185.0
3265.0,16,105.0,2.3863636363636362,4.4497750205832425,16,230.0,0.17985440292921426,16,230.0
3270.0,13,113.0,2.825,4.45393788853831,13,237.0,0.1458647145202641,13,237.0
3275.0,12,161.0,3.926829268292683,6.151810647907488,12,253.0,0.2599540774119888,12,253.0
3280.0,12,210.0,5.0,7.546057816834353,12,262.0,0.373698373423488,12,262.0
3285.0,9,154.0,3.7560975609756095,7.026341319918369,9,251.0,0.3877876360625266,9,251.0
3290.0,16,218.0,5.891891891891892,5.861314931731746,16,262.0,0.26232273137439527,16,262.0
3295.0,14,256.0,6.7368421052631575,4.896228044400703,14,316.0,0.22062251356615362,14,316.0
3300.0,12,305.0,8.970588235294118,5.152117881115413,12,345.0,0.19407600455723628,12,345.0
3305.0,12,265.0,7.162162162162162,6.257122351775381,12,296.0,0.2857193833742152,12,296.0
3310.0,20,346.0,11.161290322580646,3.3402548934787593,20,377.0,0.13166499436026374,20,377.0
3315.0,19,405.0,9.878048780487806,4.794223351078148,19,456.0,0.30545732667124675,19,456.0
3320.0,14,453.0,11.615384615384615,5.837320692011178,14,506.0,0.34054984466018684,14,506.0
3325.0,11,206.0,4.5777777777777775,4.842695114330427,11,443.0,0.25390889675184525,11,443.0
3330.0,15,91.0,2.2195121951219514,5.021497915789441,15,310.0,0.25052106189386586,15,310.0
3335.0,19,178.0,4.1395348837209305,5.379360413240937,19,241.0,0.19830025330856796,19,241.0
3340.0,19,199.0,4.853658536585366,4.100613322726845,19,302.0,0.15515306713344043,19,302.0
3345.0,15,203.0,4.951219512195122,5.447968411405619,15,301.0,0.22205878857557185,15,301.0
3350.0,13,243.0,5.651162790697675,6.739418746778442,13,312.0,0.3356004210769814,13,312.0
3355.0,11,141.0,3.525,6.601484639798912,11,286.0,0.38801440129352865,11,286.0
3360.0,15,206.0,5.722222222222222,4.870258837072485,15,275.0,0.2279110856445466,15,275.0
3365.0,17,250.0,6.410256410256411,4.678413044172342,17,337.0,0.19750960199497306,17,337.0
3370.0,15,297.0,8.485714285714286,4.551545224538137,15,371.0,0.2159661097161584,15,371.0
3375.0,12,175.0,4.605263157894737,4.503387011299207,12,348.0,0.20655271759558252,12,348.0
3380.0,13,179.0,4.972222222222222,5.298846622069309,13,291.0,0.242379272288022,13,291.0
3385.0,12,194.0,4.85,5.670809470354855,12,291.0,0.26671213475148836,12,291.0
3390.0,11,201.0,4.785714285714286,7.125409440110523,11,294.0,0.4068462555678053,11,294.0
3395.0,9,178.0,4.684210526315789,5.515327696408626,9,303.0,0.2600905998913738,9,303.0
3400.0,17,248.0,6.358974358974359,4.4727413535691,17,348.0,0.20355610344778774,17,348.0
3405.0,17,295.0,7.7631578947368425,3.3931198069090707,17,407.0,0.12265154141966589,17,407.0
3410.0,14,326.0,8.35897435897436,5.004339353429665,14,422.0,0.24690390131557266,14,422.0
3415.0,12,182.0,4.7894736842105265,4.169305395183446,12,314.0,0.15509446980193914,12,314.0
3420.0,18,261.0,6.868421052631579,3.48129586744613,18,366.0,0.11970538163000678,18,366.0
3425.0,21,314.0,7.476190476190476,3.4819237495306004,21,431.0,0.1768157787586241,21,431.0
3430.0,17,351.0,8.357142857142858,4.877675530602405,17,456.0,0.28817635726910773,17,456.0
3435.0,12,149.0,3.3863636363636362,3.7373922101013246,12,421.0,0.16718425692151825,12,421.0
3440.0,14,97.0,2.2045454545454546,4.484040841875987,14,322.0,0.22983709070448022,14,322.0
3445.0,17,124.0,2.8181818181818183,3.417555733756944,17,343.0,0.1302774123433065,17,343.0
3450.0,17,151.0,3.3555555555555556,4.787180431731632,17,358.0,0.21204539101901132,17,358.0
3455.0,14,201.0,4.902439024390244,5.184078429060922,14,359.0,0.15382224380409656,14,359.0
3460.0,9,186.0,3.795918367346939,6.559340742707699,9,348.0,0.37905927092478175,9,348.0
3465.0,12,208.0,4.9523809523809526,5.613581944459218,12,316.0,0.3242980641219453,12,316.0
3470.0,16,237.0,5.042553191489362,3.6799342052067257,16,355.0,0.17173110317504245,16,355.0
3475.0,17,289.0,6.4222222222222225,3.978760478496467,17,396.0,0.15075610656683716,17,396.0
3480.0,14,107.0,2.3777777777777778,3.9492593923932335,14,361.0,0.17436078551177314,14,361.0
3485.0,18,151.0,3.3555555555555556,4.4335146704484645,18,288.0,0.15420675278748927,18,288.0
3490.0,18,196.0,4.355555555555555,4.204566374619255,18,333.0,0.15956010166598855,18,333.0
3495.0,15,228.0,4.956521739130435,5.053436705741162,15,363.0,0.23763082339050673,15,363.0
3500.0,11,139.0,2.9574468085106385,5.758723149547064,11,339.0,0.32155843314789767,11,339.0
3505.0,13,121.0,2.688888888888889,4.631897589884678,13,294.0,0.2153940958039311,13,294.0
3510.0,15,146.0,3.1739130434782608,4.084867748893993,15,327.0,0.19624298355888403,15,327.0
3515.0,15,174.0,4.046511627906977,4.08180282581565,15,343.0,0.138255920006167,15,343.0
3520.0,13,223.0,4.8478260869565215,6.527827495793331,13,349.0,0.2843740639315566,13,349.0
3525.0,11,242.0,6.05,5.035386506302508,11,365.0,0.22226803869243414,11,365.0
3530.0,14,287.0,6.377777777777778,6.061062506036741,14,371.0,0.35279598253226946,14,371.0
3535.0,15,318.0,7.066666666666666,5.45639547542188,15,409.0,0.3053101641561467,15,409.0
3540.0,13,343.0,7.795454545454546,4.076055517078383,13,428.0,0.15301944491279945,13,428.0
3545.0,13,203.0,4.511111111111111,4.841266058473744,13,398.0,0.22068303630793104,13,398.0
3550.0,16,260.0,6.046511627906977,4.5287058831360705,16,350.0,0.1827936574205235,16,350.0
3555.0,21,169.0,3.840909090909091,4.097370025421926,21,281.0,0.14128074521740563,21,281.0
3560.0,28,299.0,7.475,2.8778724928908703,28,387.0,0.10200194847017856,28,387.0
3565.0,27,340.0,7.555555555555555,3.515974275169504,27,479.0,0.16180500550221238,27,479.0
3570.0,21,305.0,7.093023255813954,4.179257079533359,21,503.0,0.2288587185233303,21,503.0
3575.0,15,311.0,6.617021276595745,5.51330463947143,15,474.0,0.24631259578751957,15,474.0
3580.0,11,122.0,2.652173913043478,4.861281738896053,11,456.0,0.20926095604413186,11,456.0
3585.0,13,115.0,2.5555555555555554,5.0782814674754055,13,388.0,0.21800070078149203,13,388.0
3590.0,16,155.0,3.604651162790698,3.5765895429224677,16,420.0,0.11985374830048388,16,420.0
3595.0,16,196.0,4.558139534883721,4.706718927451409,16,402.0,0.19077191664741844,16,402.0
3600.0,13,246.0,6.15,5.182231120963733,13,391.0,0.17167608380629956,13,391.0
3605.0,9,228.0,4.653061224489796,6.694623797068417,9,369.0,0.3806752265367337,9,369.0
3610.0,12,259.0,6.023255813953488,5.801566024475439,12,333.0,0.29366718272189285,12,333.0
3615.0,21,306.0,6.6521739130434785,4.2367539104458105,21,384.0,0.1708104645031768,21,384.0
3620.0,17,362.0,8.619047619047619,4.194643888630351,17,429.0,0.14842653071462036,17,429.0
3625.0,12,140.0,3.111111111111111,5.057508110629869,12,373.0,0.25092459275482526,12,373.0
3630.0,15,128.0,3.282051282051282,4.248452440817754,15,221.0,0.17427348833776846,15,221.0
3635.0,15,160.0,3.8095238095238093,4.216704562397575,15,271.0,0.17093706153426777,15,271.0
3640.0,15,198.0,4.604651162790698,4.827976662553336,15,302.0,0.2294362249664005,15,302.0
3645.0,7,104.0,2.260869565217391,6.3435761560843105,7,276.0,0.3408197753596528,7,276.0
3650.0,13,141.0,3.2790697674418605,5.425528351876035,13,248.0,0.22503514710285855,13,248.0
3655.0,17,182.0,4.232558139534884,4.241543786444704,17,299.0,0.1815500509549697,17,299.0
3660.0,14,226.0,5.65,4.6259949671632015,14,317.0,0.13714880612745967,14,317.0
3665.0,11,158.0,3.761904761904762,5.378209858265121,11,299.0,0.2741373166149261,11,299.0
3670.0,15,206.0,5.421052631578948,4.342568578268052,15,285.0,0.146748604201291,15,285.0
3675.0,16,240.0,5.1063829787234045,5.331273658757013,16,334.0,0.3049939247487421,16,334.0
3680.0,11,255.0,5.795454545454546,6.177470583971302,11,349.0,0.3334084552321787,11,349.0
3685.0,8,154.0,3.347826086956522,5.63103525907239,8,234.0,0.3067702952007155,8,234.0
3690.0,21,234.0,5.571428571428571,3.7492626800146347,21,314.0,0.14717032808331473,21,314.0
3695.0,19,300.0,6.976744186046512,3.1294860980486403,19,383.0,0.1457575097186349,19,383.0
3700.0,17,354.0,8.634146341463415,3.7982703274463945,17,422.0,0.16246161180571547,17,422.0
3705.0,12,184.0,4.088888888888889,4.540478914954021,12,398.0,0.2033782746307674,12,398.0
3710.0,13,168.0,3.652173913043478,5.604077914809308,13,312.0,0.31236992253543,13,312.0
3715.0,14,192.0,4.173913043478261,5.134302266287954,14,309.0,0.25411557454925443,14,309.0
3720.0,13,210.0,4.7727272727272725,4.638878523223806,13,326.0,0.17746685871161968,13,326.0
3725.0,17,267.0,6.068181818181818,5.987443962499929,17,354.0,0.24648279025063122,17,354.0
3730.0,11,96.0,2.341463414634146,5.032769878827058,11,311.0,0.23051587806220253,11,311.0
3735.0,15,132.0,3.3,5.310708840600599,15,240.0,0.2450886204458258,15,240.0
3740.0,16,172.0,4.3,4.715297377026059,16,281.0,0.1571880994757128,16,281.0
3745.0,12,197.0,4.925,5.233641555662585,12,307.0,0.2676741651588398,12,307.0
3750.0,7,74.0,1.6818181818181819,6.3009084297257525,7,271.0,0.36995505965388453,7,271.0
3755.0,8,45.0,1.125,5.796769819549209,8,190.0,0.3012048512832133,8,190.0
3760.0,12,50.0,1.1627906976744187,4.3289266799452895,12,203.0,0.1930715588773862,12,203.0
3765.0,15,83.0,2.075,4.338954260342574,15,219.0,0.13391373285300676,15,219.0
3770.0,12,103.0,2.4523809523809526,5.030994813271387,12,232.0,0.24819655560840334,12,232.0
3775.0,15,159.0,4.184210526315789,4.2792243665905545,15,255.0,0.17251804895246478,15,255.0
3780.0,20,212.0,5.435897435897436,4.026962634005525,20,301.0,0.14916797567144652,20,301.0
3785.0,26,331.0,8.275,2.859926733555495,26,420.0,0.14591057502221802,26,420.0
3790.0,25,356.0,8.279069767441861,3.3904596269848897,25,497.0,0.207237168876471,25,497.0
3795.0,22,319.0,7.4186046511627906,3.1496102811686653,22,504.0,0.12495431756935697,22,504.0
3800.0,18,351.0,7.630434782608695,5.227039656598576,18,491.0,0.2171249441036758,18,491.0
3805.0,11,131.0,2.911111111111111,4.895226201312317,11,449.0,0.22593000905387653,11,449.0
3810.0,15,157.0,3.738095238095238,4.946146850660487,15,372.0,0.2588179554782377,15,372.0
3815.0,18,201.0,4.902439024390244,3.30000719266184,18,403.0,0.09343996485069163,18,403.0
3820.0,14,232.0,4.64,5.773432685125465,14,402.0,0.31704904103371445,14,402.0
3825.0,7,71.0,1.5106382978723405,5.485401952577467,7,365.0,0.29542929659746486,7,365.0
3830.0,10,67.0,1.425531914893617,4.38082194424292,10,285.0,0.21370414755876652,10,285.0
3835.0,21,112.0,2.488888888888889,3.3271617986297124,21,332.0,0.1280684023217902,21,332.0
3840.0,17,157.0,3.3404255319148937,3.999103769030092,17,349.0,0.14239333684942493,17,349.0
3845.0,14,110.0,2.4444444444444446,4.134666427220825,14,343.0,0.17343781965580443,14,343.0
3850.0,18,177.0,3.765957446808511,4.338360434511743,18,373.0,0.13866309380778669,18,373.0
3855.0,19,228.0,4.851063829787234,4.0090808317231055,19,421.0,0.20219698291716096,19,421.0
3860.0,15,254.0,5.521739130434782,4.695083652305321,15,421.0,0.258172292234452,15,421.0
3865.0,12,131.0,2.7291666666666665,4.0887896420255325,12,395.0,0.20188661361446208,12,395.0
3870.0,14,127.0,2.702127659574468,4.174725999697914,14,328.0,0.19234487248187834,14,328.0
3875.0,20,198.0,4.4,3.5519967745802195,20,383.0,0.10948769257150322,20,383.0
3880.0,28,322.0,6.851063829787234,3.174429883543179,28,499.0,0.11162503707095484,28,499.0
3885.0,26,354.0,8.045454545454545,2.392591025853191,26,570.0,0.07930863135171079,26,570.0
3890.0,25,330.0,6.470588235294118,4.710676551164468,25,555.0,0.24187321325297567,25,555.0
3895.0,17,323.0,6.333333333333333,6.365343406832397,17,539.0,0.30073891684000875,17,539.0
3900.0,13,334.0,7.1063829787234045,6.198586081610115,13,523.0,0.2738824188470042,13,523.0
3905.0,15,235.0,5.340909090909091,5.341514682358916,15,431.0,0.27504518872267514,15,431.0
3910.0,22,327.0,7.604651162790698,3.711039785516566,22,518.0,0.15295949991792038,22,518.0
3915.0,22,405.0,9.0,3.2204704731179588,22,591.0,0.16327801588593427,22,591.0
3920.0,17,461.0,10.477272727272727,3.6315245217864867,17,617.0,0.1716539940374657,17,617.0
3925.0,14,249.0,4.98,4.629818860156843,14,563.0,0.2309539059136328,14,563.0
3930.0,12,146.0,3.0416666666666665,4.65591926861308,12,430.0,0.24468716523867648,12,430.0
3935.0,18,224.0,4.571428571428571,5.140639888049486,18,367.0,0.21756439398858893,18,367.0
3940.0,22,249.0,5.081632653061225,3.569228734393406,22,402.0,0.09078487779188496,22,402.0
3945.0,21,265.0,5.638297872340425,4.148056543722583,21,424.0,0.16215023128089126,21,424.0
3950.0,20,314.0,6.826086956521739,5.25932417731073,20,417.0,0.1790772997363291,20,417.0
3955.0,13,128.0,2.9767441860465116,4.812522267012,13,400.0,0.23530127121026792,13,400.0
3960.0,15,137.0,3.5128205128205128,4.428775203086749,15,330.0,0.16232656299023693,15,330.0
3965.0,17,180.0,3.75,5.257348205752911,17,372.0,0.27865896110966826,17,372.0
3970.0,13,209.0,4.644444444444445,4.5144936393027715,13,384.0,0.23840544938340452,13,384.0
3975.0,15,83.0,1.6938775510204083,3.7043948267695512,15,384.0,0.1748446288458551,15,384.0
3980.0,17,108.0,2.347826086956522,3.748317828486707,17,342.0,0.14949777044745127,17,342.0
3985.0,21,157.0,3.2708333333333335,3.4739115764019566,21,403.0,0.1474219581091198,21,403.0
3990.0,18,196.0,4.170212765957447,3.637318613415377,18,424.0,0.1351828495954173,18,424.0
3995.0,12,113.0,2.4565217391304346,3.6406368672721827,12,408.0,0.15083897259348686,12,408.0
4000.0,18,179.0,3.6530612244897958,4.225411630385035,18,404.0,0.18464103478758842,18,404.0
